City_ID,City,Country,Lat,Lng,Max Temp,Humidity,Cloudiness,Wind Speed,Current description
0,Hermanus,ZA,-34.4187,19.2345,55.9,75,0,10.56,clear sky
1,Tuktoyaktuk,CA,69.4541,-133.0374,23.0,100,90,11.5,mist
2,Vaini,TO,-21.2,-175.2,74.21,66,54,17.83,broken clouds
3,Hobart,AU,-42.8794,147.3294,52.27,60,75,1.01,light rain
4,Kavieng,PG,-2.5744,150.7967,86.07,66,58,14.99,broken clouds
5,Port Elizabeth,ZA,-33.918,25.5701,47.1,74,1,6.26,clear sky
6,Hofn,IS,64.2539,-15.2082,40.8,91,100,25.03,light rain
7,Hilo,US,19.7297,-155.09,80.33,75,90,5.75,light rain
8,Rikitea,PF,-23.1203,-134.9692,75.38,72,11,19.75,few clouds
9,Puerto Ayora,EC,-0.7393,-90.3518,69.89,84,80,8.61,broken clouds
10,Pevek,RU,69.7008,170.3133,12.65,81,100,3.56,overcast clouds
11,Cidreira,BR,-30.1811,-50.2056,60.87,77,39,7.63,scattered clouds
12,Dawei,MM,14.0833,98.2,73.56,89,96,4.36,overcast clouds
13,Paamiut,GL,61.994,-49.6678,35.8,52,0,10.85,clear sky
14,Avarua,CK,-21.2078,-159.775,77.05,65,75,6.91,broken clouds
15,Port Moresby,PG,-9.4431,147.1797,84.27,68,87,3.47,overcast clouds
16,San Cristobal,VE,7.7669,-72.225,68.2,87,58,1.9,broken clouds
17,Zyryanka,RU,65.75,150.85,7.52,78,89,8.19,overcast clouds
18,Norman Wells,CA,65.282,-126.8329,25.11,82,92,7.25,overcast clouds
19,Morondava,MG,-20.2833,44.2833,75.16,71,2,5.64,clear sky
20,Port-Gentil,GA,-0.7193,8.7815,78.35,83,100,13.87,overcast clouds
21,Busselton,AU,-33.65,115.3333,60.04,95,100,20.38,overcast clouds
22,East London,ZA,-33.0153,27.9116,57.72,70,58,6.11,broken clouds
23,Chokurdakh,RU,70.6333,147.9167,-11.45,100,92,5.28,overcast clouds
24,Aripuana,BR,-9.1667,-60.6333,73.15,89,77,2.8,broken clouds
25,Bredasdorp,ZA,-34.5322,20.0403,49.28,81,0,3.13,clear sky
26,Atuona,PF,-9.8,-139.0333,77.5,77,15,19.69,few clouds
27,Sao Filipe,CV,14.8961,-24.4956,80.55,69,0,8.1,clear sky
28,Albany,US,42.6001,-73.9662,46.35,79,39,1.01,scattered clouds
29,Burnie,AU,-41.0667,145.9167,59.94,44,85,17.31,overcast clouds
30,Rio Gallegos,AR,-51.6226,-69.2181,48.78,55,15,18.68,few clouds
31,Lompoc,US,34.6391,-120.4579,67.57,65,4,10.0,clear sky
32,Ushuaia,AR,-54.8,-68.3,44.26,76,40,23.02,scattered clouds
33,Tadine,NC,-21.55,167.8833,72.45,94,100,10.0,moderate rain
34,Borovoy,RU,55.4333,86.0833,29.48,93,0,8.95,clear sky
35,Butaritari,KI,3.0707,172.7902,82.58,65,36,7.02,scattered clouds
36,Kapaa,US,22.0752,-159.319,82.38,72,20,5.01,few clouds
37,Cape Town,ZA,-33.9258,18.4232,59.11,59,0,1.99,clear sky
38,Ulaangom,MN,49.9811,92.0667,31.06,69,69,2.48,broken clouds
39,Salisbury,GB,51.0693,-1.7957,62.65,94,100,6.33,overcast clouds
40,Santa Fe,AR,-31.6333,-60.7,67.75,68,1,4.25,clear sky
41,Ribeira Grande,PT,38.5167,-28.7,68.94,72,15,17.09,few clouds
42,Bluff,NZ,-46.6,168.3333,49.68,48,85,24.14,overcast clouds
43,Dikson,RU,73.5069,80.5464,28.24,95,100,25.03,light snow
44,Codrington,AU,-38.2667,141.9667,54.93,64,63,14.25,broken clouds
45,Carnarvon,AU,-24.8667,113.6333,64.47,94,75,29.93,broken clouds
46,Guerrero Negro,MX,27.9769,-114.0611,67.19,62,22,18.16,few clouds
47,Souillac,MU,-20.5167,57.5167,73.36,79,35,10.8,scattered clouds
48,Barrow,US,71.2906,-156.7887,19.42,68,1,5.75,clear sky
49,Mataura,NZ,-46.1927,168.8643,48.49,63,100,7.81,overcast clouds
50,Batsfjord,NO,70.6345,29.7185,33.31,67,100,22.64,light snow
51,Punta Arenas,CL,-53.15,-70.9167,48.31,61,40,20.71,scattered clouds
52,Nyaunglebin,MM,17.95,96.7333,74.34,93,94,1.86,overcast clouds
53,New Norfolk,AU,-42.7826,147.0587,51.93,50,89,1.99,overcast clouds
54,Kasama,ZM,-10.2129,31.1808,67.26,48,57,4.5,broken clouds
55,Udachnyy,RU,66.4167,112.4,33.93,89,100,16.67,overcast clouds
56,Tiksi,RU,71.6872,128.8694,17.83,90,100,13.02,overcast clouds
57,Torbay,CA,47.6666,-52.7314,46.27,94,100,3.0,overcast clouds
58,Dombarovskiy,RU,50.7587,59.5386,46.54,32,99,10.02,overcast clouds
59,Kodiak,US,57.79,-152.4072,45.91,76,90,18.41,light rain
60,Sonipat,IN,28.9833,77.0167,69.8,88,0,3.78,clear sky
61,Arraial Do Cabo,BR,-22.9661,-42.0278,69.17,90,100,13.15,light rain
62,Garden City,US,42.3256,-83.331,57.45,69,1,0.0,clear sky
63,Port Hedland,AU,-20.3167,118.5667,78.85,78,40,9.22,scattered clouds
64,Constitucion,CL,-35.3333,-72.4167,56.98,74,4,10.67,clear sky
65,Longyearbyen,SJ,78.2186,15.6401,10.51,84,89,3.29,overcast clouds
66,Esperance,AU,-33.8667,121.9,72.88,50,100,12.46,light rain
67,Bambous Virieux,MU,-20.3428,57.7575,73.22,74,81,13.44,broken clouds
68,Lokoja,NG,7.8024,6.743,75.07,93,96,3.47,overcast clouds
69,Aksarka,RU,66.5606,67.7975,31.77,94,26,9.46,scattered clouds
70,Thompson,CA,55.7435,-97.8558,39.88,90,100,13.31,overcast clouds
71,Saskylakh,RU,71.9167,114.0833,18.01,98,100,1.3,overcast clouds
72,Punta Umbria,ES,37.1821,-6.9661,71.24,60,100,5.46,overcast clouds
73,Havre,FR,49.5833,0.3333,63.0,94,90,13.8,overcast clouds
74,Sungaipenuh,ID,-2.0833,101.3833,64.26,96,100,2.13,heavy intensity rain
75,Port Alfred,ZA,-33.5906,26.891,55.71,72,9,8.57,clear sky
76,Broome,US,42.2506,-75.833,48.83,73,90,1.01,overcast clouds
77,Isangel,VU,-19.55,169.2667,74.98,89,100,4.79,overcast clouds
78,Yellowknife,CA,62.456,-114.3525,31.41,90,75,5.75,broken clouds
79,Kieta,PG,-6.2167,155.6333,85.64,66,35,4.61,scattered clouds
80,Nikolskoye,RU,59.7035,30.7861,39.09,80,51,7.58,broken clouds
81,Chicama,PE,-7.8447,-79.1469,59.54,81,97,5.82,overcast clouds
82,Carutapera,BR,-1.195,-46.02,79.47,80,38,7.25,scattered clouds
83,Severo-Kurilsk,RU,50.6789,156.125,39.54,71,86,23.89,light rain
84,Klaksvik,FO,62.2266,-6.589,50.92,96,100,18.99,overcast clouds
85,Teya,RU,60.3778,92.6267,35.87,98,100,4.68,overcast clouds
86,Jamestown,US,42.097,-79.2353,54.99,71,1,3.0,clear sky
87,Cayenne,GF,4.9333,-52.3333,81.09,83,0,3.44,clear sky
88,Padang,ID,-0.9492,100.3543,73.45,90,100,7.99,overcast clouds
89,Muli,MV,2.9167,73.5667,82.06,73,91,14.41,overcast clouds
90,Ponta Do Sol,PT,32.6667,-17.1,75.0,23,75,0.92,broken clouds
91,Bandarbeyla,SO,9.4942,50.8122,76.48,85,52,10.09,broken clouds
92,Anadyr,RU,64.75,177.4833,32.5,100,75,32.99,light snow
93,Malanje,AO,-9.5402,16.341,63.82,94,100,4.38,light rain
94,Gizo,SB,-8.103,156.8419,83.93,69,86,1.59,overcast clouds
95,Georgetown,MY,5.4112,100.3354,79.9,89,76,6.91,broken clouds
96,Henties Bay,NA,-22.116,14.2845,57.85,78,100,8.48,overcast clouds
97,Riyadh,SA,24.6877,46.7219,71.74,21,1,4.21,clear sky
98,Margate,GB,51.3813,1.3862,62.96,95,100,4.0,overcast clouds
99,Coquimbo,CL,-29.9533,-71.3436,55.13,87,75,8.05,broken clouds
100,Grand Gaube,MU,-20.0064,57.6608,73.38,80,78,7.0,broken clouds
101,Oudtshoorn,ZA,-33.5907,22.2014,49.6,76,0,2.37,clear sky
102,Lebu,CL,-37.6167,-73.65,52.54,85,0,17.63,clear sky
103,Saint Anthony,US,45.0205,-93.218,70.75,42,1,3.0,clear sky
104,Petropavlovsk-Kamchatskiy,RU,53.0452,158.6483,37.99,48,75,8.95,broken clouds
105,Kaeo,NZ,-35.1,173.7833,66.09,57,25,5.06,scattered clouds
106,Tuatapere,NZ,-46.1333,167.6833,50.97,52,88,15.1,overcast clouds
107,Castro,BR,-24.7911,-50.0119,55.27,98,100,6.08,overcast clouds
108,Tera,NE,14.0078,0.7531,82.87,59,99,7.05,overcast clouds
109,Bengkulu,ID,-3.8004,102.2655,74.68,91,100,4.27,overcast clouds
110,Upernavik,GL,72.7868,-56.1549,28.99,45,100,3.85,overcast clouds
111,Bethel,US,41.3712,-73.414,51.04,77,40,3.44,scattered clouds
112,Hithadhoo,MV,-0.6,73.0833,81.3,71,92,6.08,overcast clouds
113,Morganton,US,35.7454,-81.6848,60.46,78,1,0.0,clear sky
114,Mar Del Plata,AR,-38.0023,-57.5575,57.09,21,0,5.99,clear sky
115,Rocky Mountain House,CA,52.3668,-114.9188,37.83,85,100,3.6,overcast clouds
116,Dicabisagan,PH,17.0818,122.4157,80.67,83,74,6.11,broken clouds
117,Pisco,PE,-13.7,-76.2167,62.02,86,28,5.14,scattered clouds
118,Victoria,HK,22.2855,114.1577,77.32,75,89,1.01,overcast clouds
119,Lerwick,GB,60.1545,-1.1494,53.6,95,100,15.79,overcast clouds
120,Kenai,US,60.5544,-151.2583,46.09,53,1,14.97,clear sky
121,Namatanai,PG,-3.6667,152.4333,85.98,63,25,8.01,scattered clouds
122,Talnakh,RU,69.4865,88.3972,33.3,96,100,12.93,light snow
123,Saldanha,ZA,-33.0117,17.9442,56.73,75,1,13.87,clear sky
124,Orlik,RU,52.5178,99.825,23.23,70,8,1.81,clear sky
125,Eydhafushi,MV,5.1033,73.0708,82.38,71,94,14.5,overcast clouds
126,Alofi,NU,-19.0595,-169.9187,78.69,78,75,19.57,light rain
127,Haines Junction,CA,60.7522,-137.5108,32.43,57,100,0.69,overcast clouds
128,Chapais,CA,49.7834,-74.8492,37.18,96,100,9.4,overcast clouds
129,Saint-Francois,FR,46.4154,3.9054,46.67,100,99,1.14,overcast clouds
130,Zaysan,KZ,47.4667,84.8667,40.39,44,0,3.33,clear sky
131,Alpena,US,45.0617,-83.4327,51.93,76,1,0.0,clear sky
132,Hamilton,US,39.1834,-84.5333,60.76,71,1,0.0,clear sky
133,Gurupi,BR,-11.7292,-49.0686,72.68,87,96,5.55,light rain
134,Assomada,CV,15.1,-23.6833,73.09,81,2,9.62,clear sky
135,Mopipi,BW,-21.1833,24.8833,58.33,76,34,20.0,scattered clouds
136,Qaanaaq,GL,77.484,-69.3632,27.81,64,100,12.77,overcast clouds
137,Muhororo,UG,0.9381,30.7594,61.84,99,100,2.21,moderate rain
138,Gouyave,GD,12.1646,-61.7296,81.79,76,68,8.97,broken clouds
139,Caohai,CN,26.8661,104.2841,53.49,98,100,6.4,overcast clouds
140,Chodavaram,IN,17.8333,82.95,80.44,93,99,1.7,overcast clouds
141,Alta Floresta,BR,-9.8756,-56.0861,71.46,98,100,4.81,overcast clouds
142,Smithers,CA,54.7804,-127.1743,42.33,67,100,4.14,overcast clouds
143,Gorontalo,ID,0.5412,123.0595,83.46,76,89,0.49,overcast clouds
144,Homer,US,59.6425,-151.5483,44.8,70,97,5.99,overcast clouds
145,Nanortalik,GL,60.1432,-45.2371,33.84,56,84,9.75,broken clouds
146,Sao Pedro Da Aldeia,BR,-22.8392,-42.1028,68.41,93,100,9.15,overcast clouds
147,Beloha,MG,-25.1667,45.05,68.72,89,23,5.82,few clouds
148,Fortuna,US,40.5982,-124.1573,61.41,68,1,3.0,clear sky
149,Bulgan,MN,48.8125,103.5347,31.24,46,27,2.35,scattered clouds
150,Ahipara,NZ,-35.1667,173.1667,65.64,61,26,5.44,scattered clouds
151,Gloversville,US,43.0528,-74.3438,45.91,91,59,10.33,broken clouds
152,Vardo,NO,70.3705,31.1107,36.14,58,100,25.34,overcast clouds
153,Karratha,AU,-20.7377,116.8463,78.91,66,47,13.67,scattered clouds
154,Provideniya,RU,64.3833,-173.3,28.51,74,90,13.42,snow
155,Zhigansk,RU,66.7697,123.3711,17.01,94,100,14.79,light snow
156,Mayumba,GA,-3.432,10.6554,75.38,87,100,7.47,light rain
157,Adrar,MR,20.5022,-10.0711,81.63,14,99,9.37,overcast clouds
158,Xinzhi,CN,36.4989,111.7047,53.76,63,100,4.14,overcast clouds
159,Luderitz,NA,-26.6481,15.1594,70.92,25,64,12.26,broken clouds
160,Asau,RO,46.4333,26.4,48.76,70,76,3.4,broken clouds
161,Smolenka,RU,52.1352,113.4974,15.87,92,13,2.24,few clouds
162,Lubumbashi,CD,-11.6609,27.4794,71.78,63,96,3.58,overcast clouds
163,Cherskiy,RU,68.75,161.3,-0.72,97,51,8.72,broken clouds
164,Whitehorse,CA,60.7161,-135.0538,35.02,50,99,13.0,overcast clouds
165,Agadez,NE,19.75,10.25,85.73,22,86,4.76,overcast clouds
166,Sault Sainte Marie,CA,46.5168,-84.3333,50.29,62,1,0.0,clear sky
167,Salalah,OM,17.0151,54.0924,75.29,73,0,3.44,clear sky
168,Tanhacu,BR,-14.0214,-41.2481,76.57,65,95,9.86,overcast clouds
169,Hambantota,LK,6.1241,81.1185,79.11,81,96,14.52,overcast clouds
170,Bara,NG,10.3744,10.7288,76.71,78,90,6.04,overcast clouds
171,Tessalit,ML,20.1986,1.0114,80.87,13,0,9.15,clear sky
172,Sambava,MG,-14.2667,50.1667,69.15,81,30,8.97,scattered clouds
173,Marfino,RU,55.7028,37.3822,37.54,82,75,11.18,broken clouds
174,Kaffrine,SN,14.1059,-15.5508,79.97,79,79,7.76,broken clouds
175,Olinda,BR,-8.0089,-34.8553,78.76,75,95,8.55,overcast clouds
176,Pringsewu,ID,-5.3582,104.9744,74.08,92,100,2.68,overcast clouds
177,Manzhouli,CN,49.6,117.4333,27.55,71,12,5.7,few clouds
178,Barranca,PE,-10.75,-77.7667,62.96,85,70,6.6,broken clouds
179,Half Moon Bay,US,37.4636,-122.4286,65.89,65,40,1.01,scattered clouds
180,Columbus,US,39.9612,-82.9988,58.42,65,1,3.44,clear sky
181,Pacific Grove,US,36.6177,-121.9166,64.58,70,12,4.0,few clouds
182,Moreira Sales,BR,-24.0622,-53.0069,66.07,92,86,9.91,overcast clouds
183,Valparaiso,CL,-33.0393,-71.6273,56.84,82,0,6.91,clear sky
184,Passy,FR,45.9203,6.6877,55.76,66,96,3.4,overcast clouds
185,Terrace,CA,54.5163,-128.6035,42.42,73,100,1.43,overcast clouds
186,Calama,CL,-22.4667,-68.9333,64.89,13,0,18.41,clear sky
187,Charlestown,AU,-32.95,151.6667,80.94,43,49,4.0,scattered clouds
188,Havoysund,NO,70.9963,24.6622,31.08,64,100,21.36,light snow
189,Tomatlan,MX,19.9333,-105.25,82.63,81,8,6.29,clear sky
190,Zimovniki,RU,47.1483,42.4633,46.08,67,31,6.8,scattered clouds
191,Joensuu,FI,62.6012,29.7632,35.28,80,75,4.0,broken clouds
192,Geraldton,AU,-28.7667,114.6,61.21,100,90,13.8,overcast clouds
193,Bathsheba,BB,13.2167,-59.5167,79.41,89,20,8.05,few clouds
194,Mahebourg,MU,-20.4081,57.7,73.26,74,73,13.69,broken clouds
195,Port Blair,IN,11.6667,92.75,80.83,85,99,9.84,overcast clouds
196,Laguna,US,38.421,-121.4238,67.1,44,1,1.01,clear sky
197,Nemuro,JP,43.3236,145.575,48.63,61,18,17.07,few clouds
198,Yar-Sale,RU,66.8333,70.8333,32.86,92,56,12.19,broken clouds
199,Yellandu,IN,17.6,80.3333,72.84,93,96,1.23,overcast clouds
200,Cabo San Lucas,MX,22.8909,-109.9124,85.6,67,40,1.99,scattered clouds
201,Avera,US,33.194,-82.5271,60.71,45,26,1.36,scattered clouds
202,Puerto Leguizamo,CO,-0.1934,-74.7819,75.61,91,95,2.77,moderate rain
203,Goderich,CA,43.7501,-81.7165,55.9,63,5,7.43,clear sky
204,Lindsay,US,36.203,-119.0882,64.81,44,1,4.61,clear sky
205,Vitim,RU,59.4511,112.5578,31.05,75,100,8.52,overcast clouds
206,Francistown,BW,-21.17,27.5079,54.88,91,100,16.91,overcast clouds
207,Arman,RU,59.7,150.1667,15.6,40,1,8.61,clear sky
208,Talcahuano,CL,-36.7167,-73.1167,58.68,72,0,9.22,clear sky
209,Cedar City,US,37.6775,-113.0619,32.97,80,90,21.85,snow
210,Tubinskiy,RU,52.8892,58.2225,41.14,40,100,7.29,overcast clouds
211,San Quintin,MX,30.4833,-115.95,65.98,67,18,18.52,few clouds
212,Vila Velha,BR,-20.3297,-40.2925,71.55,100,90,4.61,moderate rain
213,Waipawa,NZ,-41.4122,175.5153,57.83,53,17,13.06,few clouds
214,Anloga,GH,5.7947,0.8973,80.15,81,99,13.98,overcast clouds
215,Chuy,UY,-33.6971,-53.4616,54.0,88,26,6.4,scattered clouds
216,Parrita,CR,9.5201,-84.3225,81.99,85,74,2.33,broken clouds
217,Deputatskiy,RU,69.3,139.9,-12.6,98,39,3.94,scattered clouds
218,Lorengau,PG,-2.0226,147.2712,85.95,68,41,11.97,scattered clouds
219,Clyde River,CA,70.4692,-68.5914,30.54,81,100,15.12,overcast clouds
220,Coihaique,CL,-45.5752,-72.0662,53.55,71,75,3.44,broken clouds
221,Hasaki,JP,35.7333,140.8333,57.29,74,100,12.26,moderate rain
222,Nyurba,RU,63.2842,118.3319,32.2,92,100,5.66,overcast clouds
223,Denpasar,ID,-8.65,115.2167,80.26,83,20,3.44,few clouds
224,Kahului,US,20.8947,-156.47,87.82,64,20,21.85,few clouds
225,Port Macquarie,AU,-31.4333,152.9167,73.89,62,75,6.17,broken clouds
226,Savonlinna,FI,61.8699,28.88,33.85,93,75,10.36,light intensity shower rain
227,Dali,CN,25.7,100.1833,59.4,92,86,4.63,overcast clouds
228,Kuningan,ID,-6.9758,108.4831,75.16,78,100,2.89,overcast clouds
229,Dubbo,AU,-32.25,148.6167,69.93,49,28,9.22,scattered clouds
230,Ouadda,CF,8.0777,22.4007,68.5,93,99,0.49,overcast clouds
231,Lagoa,PT,39.05,-27.9833,68.02,72,1,19.66,clear sky
232,Caravelas,BR,-17.7125,-39.2481,75.56,87,30,8.08,scattered clouds
233,Byron Bay,AU,-28.65,153.6167,76.05,65,99,6.42,overcast clouds
234,Laurel,US,39.0993,-76.8483,60.46,68,1,0.0,clear sky
235,Baghmara,IN,23.795,86.2085,73.94,96,100,6.02,overcast clouds
236,Lavrentiya,RU,65.5833,-171.0,27.97,71,100,15.84,overcast clouds
237,Luanda,AO,-8.8368,13.2343,74.1,80,48,8.97,scattered clouds
238,Harrisonburg,US,38.4496,-78.8689,59.59,57,1,0.0,clear sky
239,Bandundu,CD,-3.3167,17.3667,72.23,97,100,2.21,moderate rain
240,Zhengjiatun,CN,43.5064,123.5064,35.08,41,1,3.69,clear sky
241,Meulaboh,ID,4.1363,96.1285,77.61,85,99,4.43,overcast clouds
242,Takaka,NZ,-40.85,172.8,66.97,45,8,9.84,clear sky
243,Kaitangata,NZ,-46.2817,169.8464,49.93,50,100,10.38,overcast clouds
244,Hokitika,NZ,-42.7167,170.9667,54.88,81,100,9.71,overcast clouds
245,Mount Gambier,AU,-37.8333,140.7667,57.79,57,46,8.32,scattered clouds
246,Quelimane,MZ,-17.8786,36.8883,74.8,88,9,6.53,clear sky
247,Khatanga,RU,71.9667,102.5,30.04,98,100,12.55,light snow
248,Barcelona,ES,41.3888,2.159,66.78,90,20,1.01,few clouds
249,Bardiyah,LY,31.7561,25.0865,69.03,66,22,7.47,few clouds
250,Hoquiam,US,46.9809,-123.8893,56.28,62,1,4.61,clear sky
251,Schattdorf,CH,46.8655,8.6547,54.41,46,100,3.74,overcast clouds
252,Bonthe,SL,7.5264,-12.505,77.61,87,59,5.08,moderate rain
253,Dukat,RU,62.55,155.55,-1.32,92,100,5.39,overcast clouds
254,Te Anau,NZ,-45.4167,167.7167,52.81,63,92,6.26,overcast clouds
255,Constantine,DZ,36.365,6.6147,52.93,82,25,1.61,scattered clouds
256,Belaya Gora,RU,68.5333,146.4167,-0.98,90,59,3.74,broken clouds
257,Sur,OM,22.5667,59.5289,81.57,42,7,6.82,clear sky
258,Krasnoselkup,RU,65.7,82.4667,37.02,95,99,13.44,overcast clouds
259,Fomboni,KM,-12.28,43.7425,77.79,77,26,13.71,scattered clouds
260,Cabedelo,BR,-6.9811,-34.8339,78.49,79,92,10.47,overcast clouds
261,Majene,ID,-3.5403,118.9707,82.04,81,74,3.87,broken clouds
262,Eldorado,BR,-23.7869,-54.2836,66.07,83,99,3.31,overcast clouds
263,Baglung,NP,28.2719,83.5898,66.99,93,100,4.27,moderate rain
264,Suriapet,IN,17.15,79.6167,74.91,86,91,5.41,overcast clouds
265,Pinawa,CA,50.1489,-95.8811,57.51,63,65,6.15,broken clouds
266,San Isidro,PE,-12.1167,-77.05,66.02,82,90,1.01,overcast clouds
267,Port Hardy,CA,50.6996,-127.4199,50.11,72,100,8.86,overcast clouds
268,Visby,SE,57.6409,18.296,32.22,93,99,3.44,overcast clouds
269,Sayat,TM,38.7839,63.8803,44.47,21,1,3.09,clear sky
270,Lakatoro,VU,-16.0999,167.4164,78.64,81,89,17.05,light rain
271,Narsaq,GL,60.9167,-46.05,34.02,41,24,5.1,few clouds
272,Khonsa,IN,27.0167,95.5667,66.74,88,98,3.2,overcast clouds
273,Chippewa Falls,US,44.9369,-91.3929,63.99,53,1,6.91,clear sky
274,Abu Dhabi,AE,24.4667,54.3667,87.28,67,0,12.57,clear sky
275,Rio Grande,BR,-32.035,-52.0986,57.94,70,0,7.27,clear sky
276,Trairi,BR,-3.2778,-39.2689,79.56,81,50,11.77,scattered clouds
277,Tasiilaq,GL,65.6145,-37.6368,33.96,48,93,3.8,overcast clouds
278,Hanmer Springs,NZ,-42.5167,172.8167,57.06,55,74,8.7,broken clouds
279,Neftegorsk,RU,52.802,51.166,46.78,82,99,7.05,overcast clouds
280,Pecos,US,31.4229,-103.4932,81.3,26,1,13.8,clear sky
281,Laramie,US,41.3114,-105.5911,60.73,30,40,3.0,scattered clouds
282,Ozernovskiy,RU,51.5,156.5167,38.34,74,100,24.92,light rain
283,Kargil,IN,34.5667,76.1,37.51,72,28,2.51,scattered clouds
284,Pitimbu,BR,-7.4706,-34.8086,75.79,78,97,8.86,overcast clouds
285,Opmeer,NL,52.7067,4.9444,58.08,86,100,1.99,overcast clouds
286,Vostok,RU,46.4856,135.8833,26.67,63,78,3.85,broken clouds
287,Jumla,NP,29.2747,82.1838,53.82,99,100,4.47,overcast clouds
288,Kruisfontein,ZA,-34.0033,24.7314,45.88,72,0,5.03,clear sky
289,Srednekolymsk,RU,67.45,153.6833,3.72,92,86,4.85,overcast clouds
290,Miandrivazo,MG,-19.5167,45.4667,78.03,60,36,3.85,scattered clouds
291,Leopold,AU,-38.1833,144.4667,58.64,76,90,4.0,overcast clouds
292,Iqaluit,CA,63.7506,-68.5145,34.7,93,98,25.01,overcast clouds
293,Iquitos,PE,-3.7481,-73.2472,73.44,94,40,3.44,scattered clouds
294,Harper,LR,4.375,-7.7169,77.29,87,86,6.62,light rain
295,Bad Langensalza,DE,51.1,10.65,47.68,93,100,4.74,overcast clouds
296,Huilong,CN,31.8111,121.655,61.03,72,100,10.78,overcast clouds
297,Ekpoma,NG,6.7421,6.139,69.01,99,94,3.44,overcast clouds
298,Kushmurun,KZ,52.4503,64.6311,46.33,50,93,9.75,overcast clouds
299,Saravan,AM,39.7196,45.6483,45.25,78,86,2.44,overcast clouds
300,Manta,EC,-0.95,-80.7333,73.18,88,90,9.22,overcast clouds
301,Dzhebariki-Khaya,RU,62.2167,135.8,5.4,76,74,2.08,broken clouds
302,Miajadas,ES,39.1513,-5.9084,69.78,63,97,3.58,overcast clouds
303,Sitka,US,57.0531,-135.33,51.69,40,90,20.71,overcast clouds
304,Semporna,MY,4.4818,118.6112,81.05,85,97,3.96,overcast clouds
305,Saint-Philippe,RE,-21.3585,55.7679,71.15,77,42,10.2,scattered clouds
306,Leningradskiy,RU,69.3833,178.4167,9.14,87,100,4.65,overcast clouds
307,Lac Du Bonnet,CA,50.2536,-96.0612,57.83,61,66,6.67,broken clouds
308,Coahuayana,MX,18.7333,-103.6833,85.48,81,6,3.85,clear sky
309,Lata,PT,40.1629,-8.3327,65.8,83,69,2.71,broken clouds
310,Airai,TL,-8.9266,125.4092,71.76,66,91,2.53,overcast clouds
311,Miri,MY,4.4148,114.0089,78.96,89,64,3.15,broken clouds
312,Fort Nelson,CA,58.8053,-122.7002,37.38,54,90,4.61,overcast clouds
313,Itarema,BR,-2.9248,-39.9167,79.57,82,42,15.14,scattered clouds
314,Placido De Castro,BR,-10.3353,-67.1856,75.07,86,96,3.15,overcast clouds
315,Axim,GH,4.8699,-2.2405,77.9,87,99,7.23,light rain
316,Lasa,IT,46.6166,10.7002,38.62,53,97,2.53,overcast clouds
317,Mackay,AU,-21.15,149.2,86.68,70,1,6.64,clear sky
318,Stromness,GB,58.965,-3.296,57.45,89,73,4.0,broken clouds
319,Mumford,GH,5.2618,-0.759,77.02,88,100,8.46,moderate rain
320,Arlit,NE,18.7369,7.3853,84.43,25,71,9.71,broken clouds
321,Hami,CN,42.8,93.45,51.33,26,84,2.95,broken clouds
322,Beringovskiy,RU,63.05,179.3167,35.37,92,75,4.92,broken clouds
323,Baykit,RU,61.67,96.37,34.79,93,76,2.89,broken clouds
324,Acari,PE,-15.4311,-74.6158,67.53,74,55,3.94,broken clouds
325,Vanimo,PG,-2.6741,141.3028,85.05,70,66,7.2,broken clouds
326,Wawa,NG,9.9022,4.4192,73.99,92,86,4.47,moderate rain
327,Pandan,PH,14.0453,124.1694,83.66,78,66,9.46,broken clouds
328,Lixourion,GR,38.2019,20.4314,64.08,78,1,2.57,clear sky
329,Khasan,RU,42.4308,130.6434,38.98,56,68,16.53,broken clouds
330,Namibe,AO,-15.1961,12.1522,63.43,85,76,2.93,broken clouds
331,Mangrol,IN,21.1167,70.1167,78.78,66,15,9.13,few clouds
332,Sioux Lookout,CA,50.1001,-91.917,53.01,71,17,6.6,few clouds
333,San Rafael,AR,-34.6177,-68.3301,67.1,21,0,9.84,clear sky
334,Gunjur,GM,13.2019,-16.7339,82.29,77,99,8.34,overcast clouds
335,Nalut,LY,30.3333,10.85,67.86,52,97,21.14,overcast clouds
336,Samarai,PG,-10.6167,150.6667,83.66,71,92,9.04,overcast clouds
337,Odweyne,SO,9.4092,45.064,75.34,24,59,12.84,broken clouds
338,Willowmore,ZA,-33.2926,23.4895,45.41,80,0,6.46,clear sky
339,Kuching,MY,1.55,110.3333,77.22,94,20,0.0,few clouds
340,Fairhope,US,30.523,-87.9033,65.68,74,1,0.0,clear sky
341,Cap Malheureux,MU,-19.9842,57.6142,73.47,80,81,5.99,broken clouds
342,Jimo,CN,36.3897,120.4622,51.28,58,26,14.05,scattered clouds
343,Calatayud,ES,41.3535,-1.6432,61.38,73,100,2.48,overcast clouds
344,Ciudad Bolivar,VE,8.1222,-63.5497,84.65,54,58,5.46,broken clouds
345,Pueblo,US,38.2545,-104.6091,75.61,19,1,7.0,clear sky
346,Ossora,RU,59.2353,163.0719,26.28,67,99,7.85,overcast clouds
347,Kurchum,KZ,48.5722,83.6542,42.01,45,0,3.71,clear sky
348,Sint Anthonis,NL,51.6267,5.8819,58.32,88,90,8.05,overcast clouds
349,Price,US,39.5994,-110.8107,54.66,35,90,14.97,overcast clouds
350,San Carlos,VE,9.6612,-68.5827,76.23,87,46,2.17,scattered clouds
351,Hastings,GB,50.8552,0.5729,63.18,99,100,16.64,overcast clouds
352,Skrunda,LV,56.6833,22.0167,31.66,76,95,4.63,overcast clouds
353,Tilichiki,RU,60.4667,166.1,19.18,79,95,16.02,overcast clouds
354,Ukiah,US,39.1502,-123.2078,64.56,53,1,3.44,clear sky
355,Heihe,CN,50.2441,127.4902,25.38,42,4,7.45,clear sky
356,Bitung,ID,1.4451,125.1824,85.05,69,68,7.99,broken clouds
357,Richards Bay,ZA,-28.783,32.0377,57.47,73,53,2.86,broken clouds
358,Buala,SB,-8.145,159.5921,85.57,67,10,2.19,clear sky
359,Ostrovnoy,RU,68.0531,39.5131,38.41,78,100,28.99,overcast clouds
360,Jalu,LY,29.0331,21.5482,68.99,39,14,11.5,few clouds
361,Faanui,PF,-16.4833,-151.75,80.6,76,87,15.05,overcast clouds
362,Kirakira,SB,-10.4544,161.9205,84.24,72,68,6.98,broken clouds
363,Altagracia De Orituco,VE,9.8601,-66.3814,75.56,84,84,3.24,broken clouds
364,Galle,LK,6.0367,80.217,79.92,83,98,13.27,overcast clouds
365,Jeremoabo,BR,-10.075,-38.4808,71.24,84,100,10.27,overcast clouds
366,Chuguyevka,RU,44.1653,133.8633,32.14,71,99,7.11,overcast clouds
367,Lazurne,UA,46.084,32.5295,52.23,61,88,13.33,overcast clouds
368,Vieques,PR,18.425,-65.8329,84.22,70,40,4.61,scattered clouds
369,Ancud,CL,-41.8697,-73.8203,54.43,93,8,3.6,clear sky
370,Miyang,CN,24.4042,103.4428,59.52,98,98,4.38,overcast clouds
371,Skjervoy,NO,70.0311,20.9714,36.52,57,100,14.03,light rain
372,Khrebtovaya,RU,56.7032,104.2494,25.74,89,97,5.03,overcast clouds
373,Hohhot,CN,40.8106,111.6522,33.85,45,0,6.58,clear sky
374,Juneau,US,58.3019,-134.4197,45.84,75,100,5.59,overcast clouds
375,Elhovo,BG,42.1667,26.5667,55.62,86,35,1.57,scattered clouds
376,Ewa Beach,US,21.3156,-158.0072,85.95,50,40,9.22,scattered clouds
377,Turka,UA,49.1541,23.0297,41.25,88,100,3.85,overcast clouds
378,Charters Towers,AU,-20.1,146.2667,89.46,29,0,5.5,clear sky
379,Yongan,CN,39.6957,113.6871,35.51,57,0,3.31,clear sky
380,Srandakan,ID,-7.9386,110.2506,61.74,80,84,3.4,broken clouds
381,Turangi,NZ,-39.0,175.9333,61.2,52,39,6.98,scattered clouds
382,Dingle,PH,10.9995,122.6711,81.97,84,59,8.16,broken clouds
383,Muisne,EC,0.6,-80.0333,75.04,86,98,10.02,overcast clouds
384,Baraut,IN,29.1,77.2667,69.75,89,0,4.34,clear sky
385,Bubaque,GW,11.2833,-15.8333,83.26,73,19,10.0,few clouds
386,Necochea,AR,-38.5473,-58.7368,53.04,80,5,11.12,clear sky
387,Deniliquin,AU,-35.5333,144.9667,61.65,44,0,13.58,clear sky
388,Iskateley,RU,67.6803,53.1512,33.58,96,100,7.31,overcast clouds
389,Salinopolis,BR,-0.6136,-47.3561,80.78,77,83,9.69,broken clouds
390,Tutoia,BR,-2.7619,-42.2744,80.71,82,35,12.1,scattered clouds
391,Nome,US,64.5011,-165.4064,28.47,65,90,17.27,overcast clouds
392,Alekseyevsk,RU,57.8406,108.3492,27.93,71,90,4.65,overcast clouds
393,Touros,BR,-5.1989,-35.4608,77.9,79,45,14.54,scattered clouds
394,Manado,ID,1.487,124.8455,84.97,79,20,1.14,few clouds
395,Jhajjar,IN,28.6063,76.6565,69.91,85,0,3.74,clear sky
396,Labuhan,ID,-6.8844,112.2051,83.34,72,95,5.61,overcast clouds
397,Saint George,US,37.1041,-113.5841,55.87,49,90,1.99,overcast clouds
398,Siguiri,GN,11.6667,-9.5,76.35,53,24,2.66,few clouds
399,Ilulissat,GL,69.2167,-51.1,28.42,31,7,21.85,clear sky
400,Pemba,MZ,-12.974,40.5178,76.95,76,7,9.98,clear sky
401,Ler,SS,8.3018,30.1418,74.19,79,10,3.67,clear sky
402,Ahome,MX,25.9167,-109.1833,78.75,62,100,6.71,overcast clouds
403,Balclutha,NZ,-46.2339,169.75,49.6,48,100,6.58,overcast clouds
404,Comodoro Rivadavia,AR,-45.8667,-67.5,71.46,28,0,10.36,clear sky
405,Griffith,US,41.5284,-87.4237,67.01,70,1,0.0,clear sky
406,Mayo,US,38.8876,-76.5119,61.86,60,1,4.61,clear sky
407,Alugan,PH,12.2188,125.4808,83.43,81,88,6.02,overcast clouds
408,Muzhi,RU,65.3667,64.6667,32.04,86,17,8.05,few clouds
409,Lakselv,NO,70.0513,24.9718,31.82,74,75,17.27,light snow
410,Mangan,IN,27.5167,88.5333,70.93,93,100,5.55,overcast clouds
411,Belomorsk,RU,64.5232,34.7668,32.25,81,62,11.05,broken clouds
412,Djibo,BF,14.1022,-1.6306,85.3,51,94,9.75,overcast clouds
413,Ghansor,IN,22.65,79.95,70.27,97,91,8.39,overcast clouds
414,Mandalgovi,MN,45.7625,106.2708,27.72,49,0,5.88,clear sky
415,Ise,JP,34.4833,136.7,60.12,89,100,2.82,overcast clouds
416,Acapulco,MX,16.8634,-99.8901,82.22,83,75,4.61,broken clouds
417,Bintulu,MY,3.1667,113.0333,78.62,88,78,2.82,broken clouds
418,Aloleng,PH,16.1307,119.7824,81.3,75,46,6.89,scattered clouds
419,Plettenberg Bay,ZA,-34.0527,23.3716,51.69,73,0,4.5,clear sky
420,Yulara,AU,-25.2406,130.9889,87.28,16,94,5.01,overcast clouds
421,Arklow,IE,52.7931,-6.1414,59.99,96,99,9.24,light rain
422,Solnechnyy,RU,50.7214,136.6319,27.68,48,1,3.24,clear sky
423,Lashio,MM,22.9333,97.75,65.91,97,81,1.19,broken clouds
424,Nantucket,US,41.2835,-70.0995,56.97,61,20,13.8,few clouds
425,Gat,IL,31.61,34.7642,67.41,68,5,3.69,clear sky
426,Ntoum,GA,0.3833,9.7833,78.57,97,99,2.37,light rain
427,Shingu,JP,33.7333,135.9833,65.39,92,100,8.48,overcast clouds
428,San Policarpo,PH,12.1791,125.5072,83.8,79,89,6.38,overcast clouds
429,Aksu,CN,41.1231,80.2644,53.6,22,100,2.24,overcast clouds
430,Lazaro Cardenas,MX,17.9583,-102.2,82.15,82,45,5.32,scattered clouds
431,Fairbanks,US,64.8378,-147.7164,35.82,61,67,1.63,broken clouds
432,Iisalmi,FI,63.5592,27.1907,33.82,89,100,8.14,overcast clouds
433,Daye,CN,30.0833,114.95,56.55,81,100,2.95,overcast clouds
434,Saint-Augustin,CA,51.226,-58.6502,43.81,96,100,27.72,overcast clouds
435,Chabahar,IR,25.2919,60.643,78.85,65,0,3.04,clear sky
436,Bemidji,US,47.4736,-94.8803,66.56,48,1,8.05,clear sky
437,Mehamn,NO,71.0357,27.8492,33.66,62,100,21.45,light rain
438,Tashtyp,RU,52.7939,89.8983,32.52,86,4,2.84,clear sky
439,Meadow Lake,US,34.8014,-106.5436,74.32,18,0,21.36,clear sky
440,Quirinopolis,BR,-18.4483,-50.4517,72.73,90,100,0.65,overcast clouds
441,Znin,PL,52.8496,17.7199,50.34,84,100,3.22,overcast clouds
442,Morant Bay,JM,17.8815,-76.4093,76.66,84,84,9.24,broken clouds
443,Santiago,CL,-33.4569,-70.6483,74.35,24,0,11.5,clear sky
444,Bud,US,39.447,-86.1758,60.75,81,0,5.46,clear sky
445,Kuandian,CN,40.7286,124.7847,34.7,52,5,9.6,clear sky
446,Ilfracombe,GB,51.2093,-4.1134,61.92,96,100,5.99,overcast clouds
447,Roma,US,43.2128,-75.4557,46.67,93,1,0.0,clear sky
448,Mingaora,PK,34.7758,72.3625,61.16,61,0,6.02,clear sky
449,Kamenka,RU,51.3223,42.7678,43.72,76,100,5.93,light rain
450,Shache,CN,38.4167,77.2406,48.58,22,24,4.5,few clouds
451,Macau,MO,22.2006,113.5461,76.06,78,0,8.05,clear sky
452,Shimoda,JP,34.6667,138.95,59.36,93,100,14.12,overcast clouds
453,Medina,SA,24.4686,39.6142,81.03,11,0,0.0,clear sky
454,Sobolevo,RU,54.4299,31.8996,34.74,88,9,9.93,clear sky
455,Pangai,TO,-19.8,-174.35,75.83,70,40,20.15,scattered clouds
456,Marana,US,32.4367,-111.2254,83.77,31,1,16.11,clear sky
457,Castanos,MX,26.7833,-101.4167,76.35,48,1,14.97,clear sky
458,Olinala,MX,17.8333,-98.85,70.88,66,74,2.66,broken clouds
459,Perth,AU,-31.9333,115.8333,62.78,96,90,11.5,light rain
460,Vila Franca Do Campo,PT,37.7167,-25.4333,70.21,81,14,11.34,few clouds
461,Dunedin,NZ,-45.8742,170.5036,50.81,66,100,8.99,overcast clouds
462,Warmbad,NA,-28.45,18.7333,59.59,14,0,10.71,clear sky
463,Pangnirtung,CA,66.1451,-65.7125,30.31,66,100,0.83,overcast clouds
464,Mitu,CO,1.1983,-70.1733,79.41,72,98,1.43,overcast clouds
465,Aden,YE,12.7794,45.0367,85.69,69,8,13.06,clear sky
466,Tubmanburg,LR,6.8708,-10.8172,73.27,97,58,1.97,light rain
467,Sisimiut,GL,66.9395,-53.6735,28.08,44,1,16.73,clear sky
468,Biak,ID,-0.9131,122.8766,80.71,77,82,1.97,broken clouds
469,Mount Isa,AU,-20.7333,139.5,96.57,21,6,8.05,clear sky
470,Lewistown,US,40.5992,-77.5714,56.61,44,75,0.0,broken clouds
471,Qaqortoq,GL,60.7167,-46.0333,34.3,38,41,5.44,scattered clouds
472,Tahe,CN,52.3333,124.7333,25.41,61,73,3.89,broken clouds
473,Pokhara,NP,28.2333,83.9833,68.72,89,100,6.33,light rain
474,Pitea,SE,65.3172,21.4794,26.69,91,41,5.55,scattered clouds
475,Mahajanga,MG,-15.7167,46.3167,73.42,68,20,5.75,few clouds
476,Jijiga,ET,9.35,42.8,64.51,35,32,7.47,scattered clouds
477,Kashi,CN,39.4547,75.9797,49.26,31,47,2.06,scattered clouds
478,Safaga,EG,26.7292,33.9365,77.29,43,12,17.0,few clouds
479,Vestmannaeyjar,IS,63.4427,-20.2734,47.82,76,100,15.77,heavy intensity rain
480,Viedma,AR,-40.8135,-62.9967,64.45,21,16,10.98,few clouds
481,Inhambane,MZ,-23.865,35.3833,68.74,67,100,16.71,overcast clouds
482,Sibolga,ID,1.7427,98.7792,77.74,88,100,2.44,light rain
483,Challapata,BO,-18.9,-66.7667,57.11,14,58,8.19,broken clouds
484,Nouadhibou,MR,20.931,-17.0347,71.58,83,5,8.05,clear sky
485,Bindura,ZW,-17.3019,31.3306,63.01,80,100,8.37,overcast clouds
486,Pozhva,RU,59.0912,56.0847,45.21,92,100,11.99,overcast clouds
487,Hereford,GB,52.0568,-2.7148,62.35,69,91,6.42,overcast clouds
488,Nivala,FI,63.9167,24.9667,28.69,90,97,5.14,overcast clouds
489,Beaverlodge,CA,55.2166,-119.4361,36.36,80,79,7.4,broken clouds
490,Nacogdoches,US,31.6002,-94.6335,69.44,52,1,3.44,clear sky
491,Vallenar,CL,-28.5708,-70.7581,66.47,49,0,3.18,clear sky
492,Natal,BR,-5.795,-35.2094,78.67,77,44,10.94,scattered clouds
493,Tacuarembo,UY,-31.7333,-55.9833,55.83,76,0,3.69,clear sky
494,Northam,GB,51.0333,-4.2167,61.66,96,100,9.55,overcast clouds
495,Fengzhen,CN,40.4394,113.1536,30.65,44,0,6.02,clear sky
496,Lumeje,AO,-11.55,20.7833,66.58,91,92,3.67,overcast clouds
497,Egvekinot,RU,66.3167,-179.1667,17.42,93,100,18.21,snow
498,Panguna,PG,-6.3164,155.4848,83.34,56,49,2.75,scattered clouds
499,Soyo,AO,-6.1349,12.3689,75.51,82,98,6.4,overcast clouds
500,Camacha,PT,33.0833,-16.3333,71.53,94,40,3.44,scattered clouds
501,Karlskoga,SE,59.3267,14.5239,38.07,61,100,2.91,overcast clouds
502,Maragogi,BR,-9.0122,-35.2225,76.69,85,85,7.58,overcast clouds
503,Aykhal,RU,66.0,111.5,31.8,93,97,19.57,overcast clouds
504,Poltsamaa,EE,58.6525,25.9706,33.78,82,36,8.12,scattered clouds
505,Grindavik,IS,63.8424,-22.4338,48.15,81,0,19.57,clear sky
506,Gavle,SE,60.6745,17.1417,35.96,71,100,3.02,overcast clouds
507,Ixtapa,MX,20.7,-105.2,83.43,79,75,3.44,broken clouds
508,Flagstaff,US,35.1981,-111.6513,57.79,64,90,14.0,overcast clouds
509,Amarillo,US,35.222,-101.8313,72.61,35,1,5.99,clear sky
510,Tergnier,FR,49.6561,3.3011,59.68,91,100,13.11,light rain
511,Znamenskoye,RU,57.1281,73.8282,42.37,82,100,6.38,overcast clouds
512,Zheleznodorozhnyy,RU,55.7503,38.0042,37.81,73,95,10.27,light rain
513,Ballina,AU,-28.8667,153.5667,72.79,80,97,2.13,overcast clouds
514,Savalou,BJ,7.9281,1.9756,71.82,97,98,1.74,overcast clouds
515,Flinders,AU,-34.5833,150.8552,70.21,73,86,13.42,overcast clouds
516,Poselki,RU,53.1324,46.5031,39.79,86,100,5.88,overcast clouds
517,Dunkirk,FR,51.05,2.3667,60.03,96,100,14.07,overcast clouds
518,Curitibanos,BR,-27.2828,-50.5844,52.93,97,98,3.27,overcast clouds
519,Badarpur,IN,24.9,92.6,73.96,98,100,3.4,overcast clouds
520,Anaconda,US,46.1285,-112.9423,61.79,36,64,10.22,broken clouds
521,Kloulklubed,PW,7.0419,134.2556,81.1,72,57,12.71,broken clouds
522,Rafaela,AR,-31.2503,-61.4867,69.06,43,64,5.79,broken clouds
523,Manaure,CO,11.7751,-72.4445,84.65,77,18,8.88,few clouds
524,Camocim,BR,-2.9022,-40.8411,79.86,82,30,14.74,scattered clouds
525,Leh,IN,34.1667,77.5833,35.42,82,89,3.02,overcast clouds
526,Tanout,NE,14.9709,8.8879,85.21,26,11,3.76,few clouds
527,Nisia Floresta,BR,-6.0911,-35.2086,76.44,83,48,8.7,scattered clouds
528,Mildura,AU,-34.2,142.15,64.08,44,0,6.91,clear sky
529,Ust-Nera,RU,64.5667,143.2,-0.99,95,62,2.95,broken clouds
530,Matara,LK,5.9485,80.5353,77.81,88,97,10.16,overcast clouds
531,Atar,MR,20.5169,-13.0499,88.9,11,100,2.37,overcast clouds
532,Cervo,ES,43.6702,-7.4101,63.54,81,66,4.97,broken clouds
533,Zalantun,CN,48.0,122.7167,33.1,51,3,5.57,clear sky
534,Saint-Pierre,RE,-21.3393,55.4781,71.24,69,0,4.61,clear sky
535,Fenoarivo,MG,-18.933,47.4354,55.47,94,20,3.44,few clouds
536,Tonisvorst,DE,51.3167,6.45,59.58,90,75,5.75,broken clouds
537,Sterling,US,39.0062,-77.4286,59.97,66,1,1.99,clear sky
538,Belyy Yar,RU,53.6039,91.3903,19.29,93,14,0.0,mist
539,Porbandar,IN,21.6422,69.6093,79.05,62,68,9.84,broken clouds
540,Kaseda,JP,31.4167,130.3167,59.85,69,88,5.75,overcast clouds
541,Gambiran,ID,-6.7988,111.4951,81.75,71,100,4.23,overcast clouds
542,Murgab,TM,37.4966,61.9714,49.87,53,40,2.3,scattered clouds
543,Katsuura,JP,35.1333,140.3,57.31,89,100,11.59,light rain
544,Cermeno,PA,8.7333,-79.85,77.52,77,100,4.16,overcast clouds
545,Nishihara,JP,26.1842,127.7558,78.46,73,75,8.05,broken clouds
546,Troitsko-Pechorsk,RU,62.7084,56.1964,33.84,98,100,5.7,light rain
547,Potosi,BO,-19.5836,-65.7531,48.27,50,52,6.96,broken clouds
548,Hervey Bay,AU,-25.2986,152.8535,78.91,74,27,8.79,scattered clouds
549,Kyra,RU,49.5776,111.9753,25.5,69,1,3.51,clear sky
550,Poum,NC,-20.2333,164.0167,76.35,83,98,16.96,overcast clouds
551,North Platte,US,41.1239,-100.7654,66.25,46,1,5.75,clear sky
552,Sesheke,ZM,-17.4759,24.2968,70.3,58,72,12.15,broken clouds
553,Kosa,RU,59.9445,54.9977,41.47,80,100,6.8,overcast clouds
554,Hingatungan,PH,10.584,125.1852,83.07,81,74,5.57,broken clouds
555,Maniitsoq,GL,65.4167,-52.9,32.02,41,0,6.87,clear sky
556,Kiruna,SE,67.8557,20.2251,22.12,74,75,8.05,broken clouds
557,Sokolo,ML,14.7328,-6.1219,91.62,23,99,8.12,overcast clouds
558,Maltahohe,NA,-24.8333,16.9833,58.26,10,83,14.79,broken clouds
559,Sapa,PH,5.1544,120.3241,83.7,74,100,3.24,overcast clouds
560,Suluktu,KG,39.9337,69.57,38.68,35,1,2.84,clear sky
561,Monteagudo,BO,-19.8167,-63.9833,61.97,78,100,2.55,overcast clouds
562,Roald,NO,62.5833,6.1333,48.33,53,90,13.8,light rain
563,Kasongo-Lunda,CD,-6.4667,16.8167,70.12,99,97,1.97,light rain
564,La Palma,US,33.8464,-118.0467,69.04,62,1,5.99,clear sky
565,Kabanjahe,ID,3.1001,98.4908,65.16,89,94,1.81,overcast clouds
566,Thunder Bay,CA,48.4001,-89.3168,53.51,64,1,0.0,clear sky
567,Aklavik,CA,68.2191,-135.0107,22.03,77,100,3.47,overcast clouds
568,Sibu,MY,2.3,111.8167,78.1,89,82,1.36,broken clouds
569,Erdemli,TR,36.605,34.3084,70.65,49,95,7.0,overcast clouds
570,Pakxe,LA,15.1167,105.7833,75.22,95,100,1.72,light rain
571,Palana,RU,59.1167,159.9667,24.6,66,100,24.92,overcast clouds
572,Florianopolis,BR,-27.6146,-48.5012,64.62,86,100,5.68,overcast clouds
573,Brokopondo,SR,4.75,-55.1667,78.93,84,94,9.33,overcast clouds
574,Champerico,GT,14.3,-91.9167,84.34,79,74,4.92,broken clouds
575,Hovd,MN,48.0056,91.6419,31.57,61,23,0.78,few clouds
576,Madaoua,NE,14.073,5.96,83.95,56,83,9.6,broken clouds
577,Moshupa,BW,-24.7782,25.4155,60.04,74,35,12.19,scattered clouds
578,Sawtell,AU,-30.3833,153.1,76.19,60,97,12.66,overcast clouds
579,Danjiangkou,CN,32.5428,111.5086,57.29,73,100,2.89,light rain
580,Tuy Hoa,VN,13.0833,109.3,78.89,90,100,2.95,overcast clouds
581,Panacan,PH,9.2463,118.4082,83.12,79,69,6.55,broken clouds
582,Hay River,CA,60.8156,-115.7999,34.68,68,4,5.44,clear sky
583,Rognan,NO,67.0953,15.3878,32.88,91,49,6.87,scattered clouds
584,Nioro,GM,13.35,-15.75,78.91,82,87,4.32,overcast clouds
585,Helong,CN,42.5397,128.9972,31.35,65,68,5.41,broken clouds
586,Brzeziny,PL,51.8002,19.7514,48.11,100,100,5.46,overcast clouds
587,Kulunda,RU,52.566,78.9385,39.6,57,33,6.33,scattered clouds
588,Robertsport,LR,6.7533,-11.3686,79.27,82,41,7.29,moderate rain
589,Jati,PK,24.3539,68.2671,75.54,58,2,10.25,clear sky
590,Roros,NO,62.5747,11.3842,30.04,80,20,5.75,few clouds
591,Yvetot,FR,49.6174,0.7581,62.56,93,100,14.05,overcast clouds
592,Olovyannaya,RU,50.95,115.5667,25.63,73,18,4.36,few clouds
593,El Alto,PE,-4.2714,-81.2147,63.57,86,72,14.27,broken clouds
594,Katobu,ID,-4.9408,122.5276,84.45,70,66,1.99,broken clouds
595,Jasper,US,37.2001,-94.3502,64.02,59,1,6.91,clear sky
596,Vaitape,PF,-16.5167,-151.75,80.58,76,86,15.08,overcast clouds
597,Xining,CN,36.6167,101.7667,34.59,98,100,1.77,snow
598,Jambi,ID,-1.6,103.6167,74.5,94,93,2.73,light rain
599,Syracuse,IT,37.0881,15.2792,63.32,76,8,3.49,clear sky
600,Mnogovershinnyy,RU,53.9353,139.9242,20.41,77,68,8.97,broken clouds
601,Soeng Sang,TH,14.4264,102.4606,76.01,98,97,2.39,overcast clouds
602,Ambon,ID,-3.6954,128.1814,84.34,89,20,2.3,few clouds
603,Minsk,BY,53.9,27.5667,33.55,85,5,9.19,clear sky
604,Porto Belo,BR,-27.1578,-48.5531,67.15,87,100,8.77,overcast clouds
605,Santa Vitoria Do Palmar,BR,-33.5189,-53.3681,54.66,88,34,5.79,scattered clouds
606,Lamar,US,33.6668,-95.5836,67.66,52,1,9.22,clear sky
607,Raga,SS,8.4596,25.678,72.66,85,86,2.17,overcast clouds
608,Weligama,LK,5.9667,80.4167,78.66,86,100,11.63,overcast clouds
609,Dolores,AR,-36.3132,-57.6792,48.78,90,7,7.16,clear sky
610,Yining,CN,29.0361,114.5636,55.38,90,100,0.89,light rain
611,Kondinskoye,RU,59.6481,67.41,45.03,88,100,10.22,light rain
612,Pemangkat,ID,1.1667,108.9667,81.19,77,98,2.53,overcast clouds
613,Smolensk,RU,55.0,33.0,35.11,92,31,7.85,light snow
614,Kibala,TD,9.1104,18.3463,75.07,89,100,3.22,overcast clouds
615,Khaniotis,GR,39.9991,23.58,61.41,78,18,2.01,few clouds
616,Ilhabela,BR,-23.7781,-45.3581,66.87,92,100,7.94,overcast clouds
617,Marawi,PH,7.9986,124.2928,73.65,79,66,0.13,broken clouds
618,Port Lincoln,AU,-34.7333,135.8667,61.16,69,1,19.57,clear sky
619,Leshukonskoye,RU,64.8989,45.7622,34.45,97,100,5.64,overcast clouds
620,Solwezi,ZM,-12.1688,26.3894,70.02,62,94,3.67,overcast clouds
621,Dryden,CA,49.7833,-92.7503,54.36,69,10,6.64,clear sky
622,Taksimo,RU,56.3444,114.8794,24.03,55,30,3.18,scattered clouds
623,Galesburg,US,40.9478,-90.3712,64.54,69,0,6.87,clear sky
624,Intipuca,SV,13.1969,-88.0544,75.76,91,74,1.39,broken clouds
625,Esmeraldas,BR,-19.7625,-44.3139,68.86,84,95,4.0,overcast clouds
626,Ginda,IN,30.6945,78.4932,53.92,86,69,4.07,broken clouds
627,Vanavara,RU,60.34,102.2797,29.53,97,100,5.03,overcast clouds
628,Sol-Iletsk,RU,51.1631,54.9918,49.98,52,100,7.99,light rain
629,Powell River,CA,49.8496,-124.5361,59.09,71,99,2.55,overcast clouds
630,Waddan,LY,29.1614,16.139,71.73,40,100,21.65,overcast clouds
631,Rocha,UY,-34.4833,-54.3333,47.46,85,9,2.95,clear sky
632,Magistralnyy,RU,56.1725,107.4458,27.66,63,80,3.87,broken clouds
633,Virginia Beach,US,36.8529,-75.978,66.02,60,1,6.91,clear sky
634,Los Llanos De Aridane,ES,28.6585,-17.9182,71.35,60,0,8.05,clear sky
635,Cabinda,AO,-5.55,12.2,75.83,83,97,6.35,overcast clouds
636,Sivaki,RU,52.6333,126.75,25.27,56,64,6.4,broken clouds
637,Yichang,CN,30.7144,111.2847,57.22,72,100,1.34,light rain
638,Chara,RU,56.9064,118.2631,23.81,65,86,4.81,overcast clouds
639,Klungkung,ID,-8.5333,115.4,79.48,69,100,1.3,overcast clouds
640,Sarkand,KZ,45.41,79.9186,47.08,26,0,5.21,clear sky
641,Balaka,MW,-14.9793,34.9558,72.43,74,75,7.65,broken clouds
642,Trelew,AR,-43.249,-65.3051,71.22,29,15,8.68,few clouds
643,Ulagan,RU,50.6321,87.9563,22.05,87,33,2.26,scattered clouds
644,Quatre Cocos,MU,-20.2078,57.7625,73.09,74,73,13.24,broken clouds
645,Itaqui,BR,-29.1253,-56.5531,60.15,72,27,9.06,scattered clouds
646,Kadoma,JP,34.7333,135.5833,64.65,58,51,4.68,broken clouds
647,Valley Station,US,38.1112,-85.8702,62.6,72,0,2.57,clear sky
648,Pundaguitan,PH,6.3711,126.1689,82.94,76,69,8.95,broken clouds
649,Saa,CM,4.3667,11.45,69.35,99,93,3.13,light rain
650,Xichang,CN,27.8964,102.2634,62.37,93,99,3.67,overcast clouds
651,Aubenas,FR,44.6201,4.3899,54.46,74,95,1.86,overcast clouds
